pid,label,tag,location,location_short,description,scriptorium,scriptorium_metadata,manifest,thumbnail,full
barnard1_189,Elevation of the Host,The Mass,"New York, Columbia University, Barnard College Library,  MS 1, p. 189","Barnard College Library, MS 1, p. 189","An antiphonal from mid-14th-century Italy, but depicting the Elevation of the Consecrated Host at Mass.",http://servlet1.lib.berkeley.edu:8080/seadragonwindow/?IIIF=/ds/columbia/tiles/NNBa.5844A_tile.tif/info.json&,"http://www.digital-scriptorium.org/xtf3/search?rmode=digscript;smode=basic;text=Barnard%20College%20Library,%20%20MS%201;docsPerPage=1;startDoc=1;fullview=yes",/img/derivatives/iiif/barnard1_189/manifest.json,"/img/derivatives/iiif/images/barnard1_189/full/250,/0/default.jpg","/img/derivatives/iiif/images/barnard1_189/full/1140,/0/default.jpg"
barnard22v,Sequence for Continents (chaste spouses),Chant Books for the Mass,"New York, Columbia University, Barnard College Library,  MS 3, f. 22v","Barnard College MS 3, f. 22v.",N/A,http://servlet1.lib.berkeley.edu:8080/seadragonwindow/?IIIF=/ds/columbia/tiles/NNBa.5859A_tile.tif/info.json&,"http://www.digital-scriptorium.org/xtf3/search?rmode=digscript;smode=basic;text=Barnard%20College%20Library,%20%20MS%203;docsPerPage=1;startDoc=1;fullview=yes",/img/derivatives/iiif/barnard22v/manifest.json,"/img/derivatives/iiif/images/barnard22v/full/250,/0/default.jpg","/img/derivatives/iiif/images/barnard22v/full/1140,/0/default.jpg"
barnard40v,Melodies for the Kyrie,Chant Books for the Mass,"New York, Columbia University, Barnard College Library,  MS 3, f. 40v","Barnard College MS 3, f. 40v.",N/A,http://servlet1.lib.berkeley.edu:8080/seadragonwindow/?IIIF=/ds/columbia/tiles/NNBa.5862A_tile.tif/info.json&,"http://www.digital-scriptorium.org/xtf3/search?rmode=digscript;smode=basic;text=Barnard%20College%20Library,%20%20MS%203;docsPerPage=1;startDoc=1;fullview=yes",/img/derivatives/iiif/barnard40v/manifest.json,"/img/derivatives/iiif/images/barnard40v/full/250,/0/default.jpg","/img/derivatives/iiif/images/barnard40v/full/1140,/0/default.jpg"
barnard42v,"Kyries for Marian Feasts, Preceded by a Trope",Chant Books for the Mass,"New York, Columbia University, Barnard College Library,  MS 3, f. 42v","Barnard College MS 3, f. 42v.",N/A,http://servlet1.lib.berkeley.edu:8080/seadragonwindow/?IIIF=/ds/columbia/tiles/NNBa.5859A_tile.tif/info.json&,"http://www.digital-scriptorium.org/xtf3/search?rmode=digscript;smode=basic;text=Barnard%20College%20Library,%20%20MS%203;docsPerPage=1;startDoc=1;fullview=yes",/img/derivatives/iiif/barnard42v/manifest.json,"/img/derivatives/iiif/images/barnard42v/full/250,/0/default.jpg","/img/derivatives/iiif/images/barnard42v/full/1140,/0/default.jpg"
barnard49v,Troped Glorias,Chant Books for the Mass,"New York, Columbia University, Barnard College Library,  MS 3, f. 49r","Barnard College MS 3, f. 49r.",N/A,http://servlet1.lib.berkeley.edu:8080/seadragonwindow/?IIIF=/ds/columbia/tiles/NNBa.5864A_tile.tif/info.json&,"http://www.digital-scriptorium.org/xtf3/search?rmode=digscript;smode=basic;text=Barnard%20College%20Library,%20%20MS%203;docsPerPage=1;startDoc=1;fullview=yes",/img/derivatives/iiif/barnard49v/manifest.json,"/img/derivatives/iiif/images/barnard49v/full/250,/0/default.jpg","/img/derivatives/iiif/images/barnard49v/full/1140,/0/default.jpg"
barnard7v,Introit for the Feast of the Dedication of a Church,Chant Books for the Mass,"New York, Columbia University, Barnard College Library,  MS 3, f. 7v","Barnard College MS 3, f. 7v",A gradual from 16th-century Portugal.,http://servlet1.lib.berkeley.edu:8080/seadragonwindow/?IIIF=/ds/columbia/tiles/NNBa.5856A_tile.tif/info.json&,"http://www.digital-scriptorium.org/xtf3/search?rmode=digscript;smode=basic;text=Barnard%20College%20Library,%20%20MS%203;docsPerPage=1;startDoc=1;fullview=yes",/img/derivatives/iiif/barnard7v/manifest.json,"/img/derivatives/iiif/images/barnard7v/full/250,/0/default.jpg","/img/derivatives/iiif/images/barnard7v/full/1140,/0/default.jpg"
ben_ms3,Rubricated Calendar with Feast Rankings,The Liturgical Year,"New York, Columbia University, Rare Book and Manuscript Library, ÃŠBenjamin MS 3, ff. 4v-5r","Benjamin MS 3, ff. 4v-5","A ferial psalter from 15th-century Germany whose calendar includes, in red ink, the feasts of Dominic 'patris nostri' ranked as 'totum duplex' (5 August) and Sebaldus (19 August) showing that the book was made for the Dominicans of Nurnberg.",http://servlet1.lib.berkeley.edu:8080/seadragonwindow/?IIIF=/ds/columbia/tiles/NNC-RBML.8524A_tile.tif/info.json&,http://www.digital-scriptorium.org/xtf3/search?rmode=digscript;smode=basic;text=Benjamin%20MS%203;docsPerPage=1;startDoc=1;fullview=yes,/img/derivatives/iiif/ben_ms3/manifest.json,"/img/derivatives/iiif/images/ben_ms3/full/250,/0/default.jpg","/img/derivatives/iiif/images/ben_ms3/full/1140,/0/default.jpg"
benjamin2,Processional Chants for the Feast of the Purification,Chant Books for the Mass,"New York, Columbia University, Rare Book and Manuscript Library,  Benjamin MS 2, ff. 6v-7r","Benjamin MS 2, ff. 6v-7r",Processional from a nuns' convent in 15th-century Italy showing the rubrics for the processions on the Feast of the Purification.,http://servlet1.lib.berkeley.edu:8080/seadragonwindow/?IIIF=/ds/columbia/tiles/NNC-RBML.8518A_tile.tif/info.json&,http://www.digital-scriptorium.org/xtf3/search?rmode=digscript;smode=basic;text=Benjamin%20MS%202;docsPerPage=1;startDoc=1;fullview=yes,/img/derivatives/iiif/benjamin2/manifest.json,"/img/derivatives/iiif/images/benjamin2/full/250,/0/default.jpg","/img/derivatives/iiif/images/benjamin2/full/1140,/0/default.jpg"
m4885,Introit for the Feast of Saints Peter and Paul,Chant Books for the Mass,"New York, Columbia University, Rare Book and Manuscript Library,  Plimpton MS 040A, f. 1r","Plimpton MS 040A, f. 1r",A gradual from 15th-century Italy with an image of the canons of S. Giorgio in Alga kneeling before Sts. Peter and Paul.,http://servlet1.lib.berkeley.edu:8080/seadragonwindow/?IIIF=/ds/columbia/tiles/NNC-RBML.4885A_tile.tif/info.json&,http://www.digital-scriptorium.org/xtf3/search?rmode=digscript;smode=basic;text=Plimpton%20MS%20040A;docsPerPage=1;startDoc=1;fullview=yes,/img/derivatives/iiif/m4885/manifest.json,"/img/derivatives/iiif/images/m4885/full/250,/0/default.jpg","/img/derivatives/iiif/images/m4885/full/1140,/0/default.jpg"
med_ren5,Foliation in the Right Margin,Common versus Proper,"New York, Columbia University, Rare Book and Manuscript Library,  Med/Ren Frag. 005, f. 1r","Med/Ren Frag. 005, f. 1r",A missal from 15th-century Italy foliated 'lxxx' in the upper right margin.,http://servlet1.lib.berkeley.edu:8080/seadragonwindow/?IIIF=/ds/columbia/tiles/NNC-RBML.4333A_tile.tif/info.json&,http://www.digital-scriptorium.org/xtf3/search?rmode=digscript;smode=basic;text=Med/Ren%20Frag.%20005;docsPerPage=1;startDoc=1;fullview=yes,/img/derivatives/iiif/med_ren5/manifest.json,"/img/derivatives/iiif/images/med_ren5/full/250,/0/default.jpg","/img/derivatives/iiif/images/med_ren5/full/1140,/0/default.jpg"
med_ren62,Pontifical Containing the Rites of the Bishop,Directions,"New York, Columbia University, Rare Book and Manuscript Library,  Med/Ren Frag. 062, f. 1v","Med/Ren Frag. 062, f. 1v",A leaf from a pontifical copied in Italy during the 15th century with the beginning of the service for the confirmation of children.,http://servlet1.lib.berkeley.edu:8080/seadragonwindow/?IIIF=/ds/columbia/tiles/NNC-RBML.4464A_tile.tif/info.json&,http://www.digital-scriptorium.org/xtf3/search?rmode=digscript;smode=basic;text=Med/Ren%20Frag.%20062;docsPerPage=1;startDoc=1;fullview=yes,/img/derivatives/iiif/med_ren62/manifest.json,"/img/derivatives/iiif/images/med_ren62/full/250,/0/default.jpg","/img/derivatives/iiif/images/med_ren62/full/1140,/0/default.jpg"
med_ren71,Liturgical Commentary by Durandus of Mende,Directions,"New York, Columbia University, Rare Book and Manuscript Library,  Med/Ren Frag. 071, f. 1v","Med/Ren Frag. 071, f. 1v","A leaf from the *Rationale divinorum officiorum* of Durandus in holster format for portability, produced in Germany during the 15th century.",http://servlet1.lib.berkeley.edu:8080/seadragonwindow/?IIIF=/ds/columbia/tiles/NNC-RBML.4478A_tile.tif/info.json&,http://www.digital-scriptorium.org/xtf3/search?rmode=digscript;smode=basic;text=Med/Ren%20Frag.%20071;docsPerPage=1;startDoc=1;fullview=yes,/img/derivatives/iiif/med_ren71/manifest.json,"/img/derivatives/iiif/images/med_ren71/full/250,/0/default.jpg","/img/derivatives/iiif/images/med_ren71/full/1140,/0/default.jpg"
med_ren9,Texts for the Office with Instructions in Red Ink,Directions,"New York, Columbia University, Rare Book and Manuscript Library,  Med/Ren Frag. 009, f. 1r","Med/Ren Frag. 009, f. 1r",A breviary from 15th-century Italy.,http://servlet1.lib.berkeley.edu:8080/seadragonwindow/?IIIF=/ds/columbia/tiles/NNC-RBML.4341A_tile.tif/info.json&,http://www.digital-scriptorium.org/xtf3/search?rmode=digscript;smode=basic;text=Med/Ren%20Frag.%20009;docsPerPage=1;startDoc=1;fullview=yes,/img/derivatives/iiif/med_ren9/manifest.json,"/img/derivatives/iiif/images/med_ren9/full/250,/0/default.jpg","/img/derivatives/iiif/images/med_ren9/full/1140,/0/default.jpg"
med24_f1,Bible with Interlinear and Marginal Exegetical Commentary,Books of the Office,"New York, Columbia University, Rare Book and Manuscript Library,  Smith Med/Ren Frag. 24, f. 1r","Smith Med/Ren Frag. 24, f. 1r",A glossed Bible from 13th-century Flanders.,http://servlet1.lib.berkeley.edu:8080/seadragonwindow/?IIIF=/ds/columbia/tiles/NNC-RBML.4310A_tile.tif/info.json&,http://www.digital-scriptorium.org/xtf3/search?rmode=digscript;smode=basic;text=Smith%20Med/Ren%20Frag.%2024;docsPerPage=1;startDoc=1;fullview=yes,/img/derivatives/iiif/med24_f1/manifest.json,"/img/derivatives/iiif/images/med24_f1/full/250,/0/default.jpg","/img/derivatives/iiif/images/med24_f1/full/1140,/0/default.jpg"
med26_verso,Fragment with Office Reading,Books of the Office,"New York, Columbia University, Rare Book and Manuscript Library,  Smith Med/Ren Frag. 26, verso","Smith Med/Ren Frag. 26, verso",An office lectionary from 12th-century Italy.,http://servlet1.lib.berkeley.edu:8080/seadragonwindow/?IIIF=/ds/columbia/tiles/NNC-RBML.4315A_tile.tif/info.json&,http://www.digital-scriptorium.org/xtf3/search?rmode=digscript;smode=basic;text=Smith%20Med/Ren%20Frag.%2026;docsPerPage=1;startDoc=1;fullview=yes,/img/derivatives/iiif/med26_verso/manifest.json,"/img/derivatives/iiif/images/med26_verso/full/250,/0/default.jpg","/img/derivatives/iiif/images/med26_verso/full/1140,/0/default.jpg"
med28_f2,Notated Mass Proper Chants,Chant Books for the Mass,"New York, Columbia University, Rare Book and Manuscript Library,  Med/Ren Frag. 028, f. 2r","Med/Ren Frag. 028, f. 2r",A gradual from 12th-century Germany.,http://servlet1.lib.berkeley.edu:8080/seadragonwindow/?IIIF=/ds/columbia/tiles/NNC-RBML.4425A_tile.tif/info.json&,http://www.digital-scriptorium.org/xtf3/search?rmode=digscript;smode=basic;text=Med/Ren%20Frag.%20028;docsPerPage=1;startDoc=1;fullview=yes,/img/derivatives/iiif/med28_f2/manifest.json,"/img/derivatives/iiif/images/med28_f2/full/250,/0/default.jpg","/img/derivatives/iiif/images/med28_f2/full/1140,/0/default.jpg"
med86,Gospel Reading and Prayers with Chant Incipits in Smaller Script,Books of the Mass,"New York, Columbia University, Rare Book and Manuscript Library, ÃŠMed/Ren Frag. 086, f. 1v","Med/Ren Frag. 086, verso",A missal from 12th-century Italy.,http://servlet1.lib.berkeley.edu:8080/seadragonwindow/?IIIF=/ds/columbia/tiles/NNC-RBML.4493A_tile.tif/info.json&,http://www.digital-scriptorium.org/xtf3/search?rmode=digscript;smode=basic;text=Med/Ren%20Frag.%20086;docsPerPage=1;startDoc=1;fullview=yes,/img/derivatives/iiif/med86/manifest.json,"/img/derivatives/iiif/images/med86/full/250,/0/default.jpg","/img/derivatives/iiif/images/med86/full/1140,/0/default.jpg"
music00_f2,Antiphons for Advent,Chant Books for the Office,"New York, Columbia University, Gabe M. Wiener Music and Arts Library,  Music Deposit 00, f. 2r","Gabe M. Wiener Music and Arts Library, Music Deposit 00, f. 2r",An antiphoner from 16th-century Italy.,not available,not available,/img/derivatives/iiif/music00_f2/manifest.json,"/img/derivatives/iiif/images/music00_f2/full/250,/0/default.jpg","/img/derivatives/iiif/images/music00_f2/full/1140,/0/default.jpg"
plimp135,Roman Dating System,Calendar,"New York, Columbia University, Rare Book and Manuscript Library,  Plimpton MS 135, f. 16r","Plimpton MS 135, f. 16r","A grammar copied in Italy in 1503 with a chart giving the numeric date equivalencies for the designations in Roman style by kalends, nones, and ides.",http://servlet1.lib.berkeley.edu:8080/seadragonwindow/?IIIF=/ds/columbia/tiles/NNC-RBML.4541A_tile.tif/info.json&,http://www.digital-scriptorium.org/xtf3/search?rmode=digscript;smode=basic;text=Plimpton%20MS%20135;docsPerPage=1;startDoc=1;fullview=yes,/img/derivatives/iiif/plimp135/manifest.json,"/img/derivatives/iiif/images/plimp135/full/250,/0/default.jpg","/img/derivatives/iiif/images/plimp135/full/1140,/0/default.jpg"
plimp170_64,Calculations for Easter ,Computus,"New York, Columbia University, Rare Book and Manuscript Library, ÃŠPlimpton MS 170, f. 64v","Plimpton MS 170, f. 64v","A copy of Bono da Lucca, *Computus solaris et lunaris*, produced in Italy during the 1390s with an Easter chart to the year 1882 (new style).",http://servlet1.lib.berkeley.edu:8080/seadragonwindow/?IIIF=/ds/columbia/tiles/NNC-RBML.2633A_tile.tif/info.json&,http://www.digital-scriptorium.org/xtf3/search?rmode=digscript;smode=basic;text=Plimpton%20MS%20170;docsPerPage=1;startDoc=1;fullview=yes,/img/derivatives/iiif/plimp170_64/manifest.json,"/img/derivatives/iiif/images/plimp170_64/full/250,/0/default.jpg","/img/derivatives/iiif/images/plimp170_64/full/1140,/0/default.jpg"
plimp176,Calendar Commemorating the Dedication of a Church,Calendar,"New York, Columbia University, Rare Book and Manuscript Library, ÃŠPlimpton MS 176, f. 5r","Plimpton MS 176, f. 5r","A calendar produced in Switzerland in 1426, with the Dedication of the church of Constance (9 September) written by the same scribe as the bulk of the text.",http://servlet1.lib.berkeley.edu:8080/seadragonwindow/?IIIF=/ds/columbia/tiles/NNC-RBML.2636A_tile.tif/info.json&,http://www.digital-scriptorium.org/xtf3/search?rmode=digscript;smode=basic;text=%C2%A0Plimpton%20MS%20176;docsPerPage=1;startDoc=1;fullview=yes,/img/derivatives/iiif/plimp176/manifest.json,"/img/derivatives/iiif/images/plimp176/full/250,/0/default.jpg","/img/derivatives/iiif/images/plimp176/full/1140,/0/default.jpg"
plimp211_137,Mnemonic for Calculating Easter,Computus,"New York, Columbia University, Rare Book and Manuscript Library, ÃŠPlimpton MS 211, ff. 137v-138r","Plimpton MS 211, ff. 137v-138",An early 16th-century Italian treatise on arithmetic with a mnemonic hand for the date of Easter.,http://servlet1.lib.berkeley.edu:8080/seadragonwindow/?IIIF=/ds/columbia/tiles/NNC-RBML.6758A_tile.tif/info.json&,http://www.digital-scriptorium.org/xtf3/search?rmode=digscript;smode=basic;text=Plimpton%20MS%20211;docsPerPage=1;startDoc=4;fullview=yes,/img/derivatives/iiif/plimp211_137/manifest.json,"/img/derivatives/iiif/images/plimp211_137/full/250,/0/default.jpg","/img/derivatives/iiif/images/plimp211_137/full/1140,/0/default.jpg"
plimp40b,Historiated Initial for St. Helen,The Liturgical Year,"New York, Columbia University, Rare Book and Manuscript Library, ÃŠPlimpton MS 040B, f. 1r","Plimpton MS 040B, f. 1r","A gradual from 15th-century Italy with an inordinately large historiated initial of a relatively unimportant saint,  Helen, who found the True Cross (18 August). Presumably the book was made for a church with particular veneration of St. Helen.",http://servlet1.lib.berkeley.edu:8080/seadragonwindow/?IIIF=/ds/columbia/tiles/NNC-RBML.4887A_tile.tif/info.json&,http://www.digital-scriptorium.org/xtf3/search?rmode=digscript;smode=basic;text=Plimpton%20MS%20040B;docsPerPage=1;startDoc=1;fullview=yes,/img/derivatives/iiif/plimp40b/manifest.json,"/img/derivatives/iiif/images/plimp40b/full/250,/0/default.jpg","/img/derivatives/iiif/images/plimp40b/full/1140,/0/default.jpg"
plimp40c,Foliation in the Upper Margin,Common versus Proper,"New York, Columbia University, Rare Book and Manuscript Library,  Plimpton MS 040C, f. 3r","Plimpton MS 040C, f. 3r",A choir book copied in Genoa during the 13th century foliated 'xxiiii' in the center upper margin.,http://servlet1.lib.berkeley.edu:8080/seadragonwindow/?IIIF=/ds/columbia/tiles/NNC-RBML.4893A_tile.tif/info.json&,http://www.digital-scriptorium.org/xtf3/search?rmode=digscript;smode=basic;text=Plimpton%20MS%20040C;docsPerPage=1;startDoc=1;fullview=yes,/img/derivatives/iiif/plimp40c/manifest.json,"/img/derivatives/iiif/images/plimp40c/full/250,/0/default.jpg","/img/derivatives/iiif/images/plimp40c/full/1140,/0/default.jpg"
plimpton03_f45,Bible with Passages Assigned to Various Dates,Books of the Mass,"New York, Columbia University, Rare Book and Manuscript Library,  Plimpton Add. MS 03, f. 45r","Plimpton Add. MS 03, f. 45r",A Middle English Wycliffite Bible from late 14th- or early 15th-century England with lists of the readings.,http://servlet1.lib.berkeley.edu:8080/seadragonwindow/?IIIF=/ds/columbia/tiles/NNC-RBML.8060A_tile.tif/info.json&,http://www.digital-scriptorium.org/xtf3/search?rmode=digscript;smode=basic;text=Plimpton%20Add.%20MS%2003;docsPerPage=1;startDoc=1;fullview=yes,/img/derivatives/iiif/plimpton03_f45/manifest.json,"/img/derivatives/iiif/images/plimpton03_f45/full/250,/0/default.jpg","/img/derivatives/iiif/images/plimpton03_f45/full/1140,/0/default.jpg"
plimpton033_recto,Notated Office Chants and Readings,Chant Books for the Office,"New York, Columbia University, Rare Book and Manuscript Library,  Plimpton MS 033, recto","Plimpton MS 033, recto",An breviary from 12th-century Italy containing both the notated chants and the readings.,http://servlet1.lib.berkeley.edu:8080/seadragonwindow/?IIIF=/ds/columbia/tiles/NNC-RBML.2482A_tile.tif/info.json&,http://www.digital-scriptorium.org/xtf3/search?rmode=digscript;smode=basic;text=Plimpton%20MS%20033;docsPerPage=1;startDoc=1;fullview=yes,/img/derivatives/iiif/plimpton033_recto/manifest.json,"/img/derivatives/iiif/images/plimpton033_recto/full/250,/0/default.jpg","/img/derivatives/iiif/images/plimpton033_recto/full/1140,/0/default.jpg"
plimpton034,Processional Chants for the Feast of the Purification,Chant Books for the Mass,"New York, Columbia University, Rare Book and Manuscript Library,  Plimpton MS 034, f. 1r","Plimpton MS 034, f. 1r",Processional chants for the Feast of the Purification (2 February) in a processional from 14th-century Flanders.,http://servlet1.lib.berkeley.edu:8080/seadragonwindow/?IIIF=/ds/columbia/tiles/NNC-RBML.3690A_tile.tif/info.json&,http://www.digital-scriptorium.org/xtf3/search?rmode=digscript;smode=basic;text=Plimpton%20MS%20034;docsPerPage=1;startDoc=1;fullview=yes,/img/derivatives/iiif/plimpton034/manifest.json,"/img/derivatives/iiif/images/plimpton034/full/250,/0/default.jpg","/img/derivatives/iiif/images/plimpton034/full/1140,/0/default.jpg"
plimpton035,Priest Reading the Words of Consecration,The Mass,"New York, Columbia University, Rare Book and Manuscript Library,  Plimpton MS 035, f. 89r","Plimpton MS 035, f. 89r","A missal from late-14th-century Italy with the priest reading from the Canon of the Mass, 'Hic est corpus meum, ' 'This is my body.'",http://servlet1.lib.berkeley.edu:8080/seadragonwindow/?IIIF=/ds/columbia/tiles/NNC-RBML.2597A_tile.tif/info.json&,http://www.digital-scriptorium.org/xtf3/search?rmode=digscript;smode=basic;text=Plimpton%20MS%20035;docsPerPage=1;startDoc=1;fullview=yes,/img/derivatives/iiif/plimpton035/manifest.json,"/img/derivatives/iiif/images/plimpton035/full/250,/0/default.jpg","/img/derivatives/iiif/images/plimpton035/full/1140,/0/default.jpg"
plimpton040C_f2v,Incipits and Page References for Chants Notated Elsewhere,Chant Books for the Mass,"New York, Columbia University, Rare Book and Manuscript Library,  Plimpton MS 040C, f. 2v","Plimpton MS 040C, f. 2v",A gradual from 13th-century Italy with an image of the Annunciation.,http://servlet1.lib.berkeley.edu:8080/seadragonwindow/?IIIF=/ds/columbia/tiles/NNC-RBML.4892A_tile.tif/info.json&,http://www.digital-scriptorium.org/xtf3/search?rmode=digscript;smode=basic;text=Plimpton%20MS%20040C;docsPerPage=1;startDoc=1;fullview=yes,/img/derivatives/iiif/plimpton040C_f2v/manifest.json,"/img/derivatives/iiif/images/plimpton040C_f2v/full/250,/0/default.jpg","/img/derivatives/iiif/images/plimpton040C_f2v/full/1140,/0/default.jpg"
plimpton040G_recto,Psalter Rubricated with Liturgical Assignments,Books of the Office,"New York, Columbia University, Rare Book and Manuscript Library,  Plimpton MS 040G, f. 1r","Plimpton MS 040G, f. 1r",A choir psalter from 15th-century Italy.,http://servlet1.lib.berkeley.edu:8080/seadragonwindow/?IIIF=/ds/columbia/tiles/NNC-RBML.4907A_tile.tif/info.json&,http://www.digital-scriptorium.org/xtf3/search?rmode=digscript;smode=basic;text=Plimpton%20MS%20040G;docsPerPage=1;startDoc=1;fullview=yes,/img/derivatives/iiif/plimpton040G_recto/manifest.json,"/img/derivatives/iiif/images/plimpton040G_recto/full/250,/0/default.jpg","/img/derivatives/iiif/images/plimpton040G_recto/full/1140,/0/default.jpg"
plimpton041_f1,Beginning of the Sanctorale,Chant Books for the Office,"New York, Columbia University, Rare Book and Manuscript Library,  Plimpton MS 041, f. 1r","Plimpton MS 041, f. 1r",An antiphoner from 15th-century Italy.,http://servlet1.lib.berkeley.edu:8080/seadragonwindow/?IIIF=/ds/columbia/tiles/NNC-RBML.4734A_tile.tif/info.json&,http://www.digital-scriptorium.org/xtf3/search?rmode=digscript;smode=basic;text=plimpton%20041;docsPerPage=1;startDoc=1;fullview=yes,/img/derivatives/iiif/plimpton041_f1/manifest.json,"/img/derivatives/iiif/images/plimpton041_f1/full/250,/0/default.jpg","/img/derivatives/iiif/images/plimpton041_f1/full/1140,/0/default.jpg"
plimpton042_f1v,Hymns for the Office,Chant Books for the Office,"New York, Columbia University, Rare Book and Manuscript Library,  Plimpton MS 042, f. 1v","Plimpton MS 042, f. 1v",A hymnary from 15th-century Germany.,http://servlet1.lib.berkeley.edu:8080/seadragonwindow/?IIIF=/ds/columbia/tiles/NNC-RBML.2583A_tile.tif/info.json&,http://www.digital-scriptorium.org/xtf3/search?rmode=digscript;smode=basic;text=Plimpton%20MS%20042;docsPerPage=1;startDoc=1;fullview=yes,/img/derivatives/iiif/plimpton042_f1v/manifest.json,"/img/derivatives/iiif/images/plimpton042_f1v/full/250,/0/default.jpg","/img/derivatives/iiif/images/plimpton042_f1v/full/1140,/0/default.jpg"
plimpton050_f11v,Patristic Readings for the Office,Books of the Office,"New York, Columbia University, Rare Book and Manuscript Library,  Plimpton MS 050, f. 11v","Plimpton MS 050, f. 11v","Ambrose's commentary on Luke, adapted for liturgical use, from 12th-century France.",http://servlet1.lib.berkeley.edu:8080/seadragonwindow/?IIIF=/ds/columbia/tiles/NNC-RBML.2528A_tile.tif/info.json&,http://www.digital-scriptorium.org/xtf3/search?rmode=digscript;smode=basic;text=Plimpton%20MS%20050;docsPerPage=1;startDoc=1;fullview=yes,/img/derivatives/iiif/plimpton050_f11v/manifest.json,"/img/derivatives/iiif/images/plimpton050_f11v/full/250,/0/default.jpg","/img/derivatives/iiif/images/plimpton050_f11v/full/1140,/0/default.jpg"
plimpton055_f1v,Homily Texts for the Office,Books of the Office,"New York, Columbia University, Rare Book and Manuscript Library,  Plimpton MS 055, f. 1v","Plimpton MS 055, f. 1v","A homiliary from 9th-century France containing a composite text, attributed in the margin to Bede the Venerable, that juxtaposes parts of various homiletic and exegetical texts.",http://servlet1.lib.berkeley.edu:8080/seadragonwindow/?IIIF=/ds/columbia/tiles/NNC-RBML.2716A_tile.tif/info.json&,http://www.digital-scriptorium.org/xtf3/search?rmode=digscript;smode=basic;text=Plimpton%20MS%20055;docsPerPage=1;startDoc=1;fullview=yes,/img/derivatives/iiif/plimpton055_f1v/manifest.json,"/img/derivatives/iiif/images/plimpton055_f1v/full/250,/0/default.jpg","/img/derivatives/iiif/images/plimpton055_f1v/full/1140,/0/default.jpg"
plimpton064_f2v,Legendary of Hagiographic Texts for the Office,Books of the Office,"New York, Columbia University, Rare Book and Manuscript Library,  Plimpton MS 064, f. 2v","Plimpton MS 064, f. 2v","A legendary from 11th-century central Italy showing the deeds of saints Cyprian and Justina, who were commemorated on September 26.",http://servlet1.lib.berkeley.edu:8080/seadragonwindow/?IIIF=/ds/columbia/tiles/NNC-RBML.4114A_tile.tif/info.json&,http://www.digital-scriptorium.org/xtf3/search?rmode=digscript;smode=basic;text=Plimpton%20MS%20064;docsPerPage=1;startDoc=1;fullview=yes,/img/derivatives/iiif/plimpton064_f2v/manifest.json,"/img/derivatives/iiif/images/plimpton064_f2v/full/250,/0/default.jpg","/img/derivatives/iiif/images/plimpton064_f2v/full/1140,/0/default.jpg"
plimpton084_f103,Beginning of the *Rule* of Benedict,Chapter,"New York, Columbia University, Rare Book and Manuscript Library,  Plimpton MS 084, f. 103r","Plimpton MS 084, f. 103r.",N/A,http://servlet1.lib.berkeley.edu:8080/seadragonwindow/?IIIF=/ds/columbia/tiles/NNC-RBML.4189A_tile.tif/info.json&,http://www.digital-scriptorium.org/xtf3/search?rmode=digscript;smode=basic;text=Plimpton%20MS%20084;docsPerPage=1;startDoc=1;fullview=yes,/img/derivatives/iiif/plimpton084_f103/manifest.json,"/img/derivatives/iiif/images/plimpton084_f103/full/250,/0/default.jpg","/img/derivatives/iiif/images/plimpton084_f103/full/1140,/0/default.jpg"
plimpton084_f66v,Martyrology for September 15 and 16 with the Phases of the Moon,Chapter,"New York, Columbia University, Rare Book and Manuscript Library,  Plimpton MS 084, f. 66v","Plimpton MS 084, f. 66v.",N/A,http://servlet1.lib.berkeley.edu:8080/seadragonwindow/?IIIF=/ds/columbia/tiles/NNC-RBML.4185A_tile.tif/info.json&,http://www.digital-scriptorium.org/xtf3/search?rmode=digscript;smode=basic;text=Plimpton%20MS%20084;docsPerPage=1;startDoc=1;fullview=yes,/img/derivatives/iiif/plimpton084_f66v/manifest.json,"/img/derivatives/iiif/images/plimpton084_f66v/full/250,/0/default.jpg","/img/derivatives/iiif/images/plimpton084_f66v/full/1140,/0/default.jpg"
plimpton084_f9,First Page of the Martyrology (Dec. 24 and 25),Chapter,"New York, Columbia University, Rare Book and Manuscript Library,  Plimpton MS 084, f. 9r","Plimpton MS 084, f. 9r","A *Martyrology of Usuard* and *Rule* of Benedict from France, around 1500.",http://servlet1.lib.berkeley.edu:8080/seadragonwindow/?IIIF=/ds/columbia/tiles/NNC-RBML.4184A_tile.tif/info.json&,http://www.digital-scriptorium.org/xtf3/search?rmode=digscript;smode=basic;text=Plimpton%20MS%20084;docsPerPage=1;startDoc=1;fullview=yes,/img/derivatives/iiif/plimpton084_f9/manifest.json,"/img/derivatives/iiif/images/plimpton084_f9/full/250,/0/default.jpg","/img/derivatives/iiif/images/plimpton084_f9/full/1140,/0/default.jpg"
plimpton254_apr,April,A Complete Calendar,"New York, Columbia University, Rare Book and Manuscript Library,  Plimpton MS 254, f. 3v April","Plimpton MS 254, f. 3v.",N/A,http://servlet1.lib.berkeley.edu:8080/seadragonwindow/?IIIF=/ds/columbia/tiles/NNC-RBML.5997A_tile.tif/info.json&,http://www.digital-scriptorium.org/xtf3/search?rmode=digscript;smode=basic;text=Plimpton%20MS%20254;docsPerPage=1;startDoc=1;fullview=yes,/img/derivatives/iiif/plimpton254_apr/manifest.json,"/img/derivatives/iiif/images/plimpton254_apr/full/250,/0/default.jpg","/img/derivatives/iiif/images/plimpton254_apr/full/1140,/0/default.jpg"
plimpton254_aug,August,A Complete Calendar,"New York, Columbia University, Rare Book and Manuscript Library,  Plimpton MS 254, f. 5v August","Plimpton MS 254, f. 5v.",N/A,http://servlet1.lib.berkeley.edu:8080/seadragonwindow/?IIIF=/ds/columbia/tiles/NNC-RBML.6001A_tile.tif/info.json&,http://www.digital-scriptorium.org/xtf3/search?rmode=digscript;smode=basic;text=Plimpton%20MS%20254;docsPerPage=1;startDoc=1;fullview=yes,/img/derivatives/iiif/plimpton254_aug/manifest.json,"/img/derivatives/iiif/images/plimpton254_aug/full/250,/0/default.jpg","/img/derivatives/iiif/images/plimpton254_aug/full/1140,/0/default.jpg"
plimpton254_dec,December,A Complete Calendar,"New York, Columbia University, Rare Book and Manuscript Library,  Plimpton MS 254, f. 7v December","Plimpton MS 254, f. 7v.",N/A,http://servlet1.lib.berkeley.edu:8080/seadragonwindow/?IIIF=/ds/columbia/tiles/NNC-RBML.6005A_tile.tif/info.json&,http://www.digital-scriptorium.org/xtf3/search?rmode=digscript;smode=basic;text=Plimpton%20MS%20254;docsPerPage=1;startDoc=1;fullview=yes,/img/derivatives/iiif/plimpton254_dec/manifest.json,"/img/derivatives/iiif/images/plimpton254_dec/full/250,/0/default.jpg","/img/derivatives/iiif/images/plimpton254_dec/full/1140,/0/default.jpg"
plimpton254_feb,February,A Complete Calendar,"New York, Columbia University, Rare Book and Manuscript Library,  Plimpton MS 254, f. 2v February","Plimpton MS 254, f. 2v.",N/A,http://servlet1.lib.berkeley.edu:8080/seadragonwindow/?IIIF=/ds/columbia/tiles/NNC-RBML.5995A_tile.tif/info.json&,http://www.digital-scriptorium.org/xtf3/search?rmode=digscript;smode=basic;text=Plimpton%20MS%20254;docsPerPage=1;startDoc=1;fullview=yes,/img/derivatives/iiif/plimpton254_feb/manifest.json,"/img/derivatives/iiif/images/plimpton254_feb/full/250,/0/default.jpg","/img/derivatives/iiif/images/plimpton254_feb/full/1140,/0/default.jpg"
plimpton254_jan,January,A Complete Calendar,"New York, Columbia University, Rare Book and Manuscript Library,  Plimpton MS 254, f. 2r January","Plimpton MS 254, f. 2r",A copy of the *Kalendarium* of John Somer produced in England c. 1417.,http://servlet1.lib.berkeley.edu:8080/seadragonwindow/?IIIF=/ds/columbia/tiles/NNC-RBML.5994A_tile.tif/info.json&,http://www.digital-scriptorium.org/xtf3/search?rmode=digscript;smode=basic;text=Plimpton%20MS%20254;docsPerPage=1;startDoc=1;fullview=yes,/img/derivatives/iiif/plimpton254_jan/manifest.json,"/img/derivatives/iiif/images/plimpton254_jan/full/250,/0/default.jpg","/img/derivatives/iiif/images/plimpton254_jan/full/1140,/0/default.jpg"
plimpton254_july,July,A Complete Calendar,"New York, Columbia University, Rare Book and Manuscript Library,  Plimpton MS 254, f. 5r July","Plimpton MS 254, f. 5r.",N/A,http://servlet1.lib.berkeley.edu:8080/seadragonwindow/?IIIF=/ds/columbia/tiles/NNC-RBML.6000A_tile.tif/info.json&,http://www.digital-scriptorium.org/xtf3/search?rmode=digscript;smode=basic;text=Plimpton%20MS%20254;docsPerPage=1;startDoc=1;fullview=yes,/img/derivatives/iiif/plimpton254_july/manifest.json,"/img/derivatives/iiif/images/plimpton254_july/full/250,/0/default.jpg","/img/derivatives/iiif/images/plimpton254_july/full/1140,/0/default.jpg"
plimpton254_june,June,A Complete Calendar,"New York, Columbia University, Rare Book and Manuscript Library,  Plimpton MS 254, f. 4v June","Plimpton MS 254, f. 4v.",N/A,http://servlet1.lib.berkeley.edu:8080/seadragonwindow/?IIIF=/ds/columbia/tiles/NNC-RBML.5999A_tile.tif/info.json&,http://www.digital-scriptorium.org/xtf3/search?rmode=digscript;smode=basic;text=Plimpton%20MS%20254;docsPerPage=1;startDoc=1;fullview=yes,/img/derivatives/iiif/plimpton254_june/manifest.json,"/img/derivatives/iiif/images/plimpton254_june/full/250,/0/default.jpg","/img/derivatives/iiif/images/plimpton254_june/full/1140,/0/default.jpg"
plimpton254_mar,March,A Complete Calendar,"New York, Columbia University, Rare Book and Manuscript Library,  Plimpton MS 254, f. 3r March","Plimpton MS 254, f. 3r.",N/A,http://servlet1.lib.berkeley.edu:8080/seadragonwindow/?IIIF=/ds/columbia/tiles/NNC-RBML.5996A_tile.tif/info.json&,http://www.digital-scriptorium.org/xtf3/search?rmode=digscript;smode=basic;text=Plimpton%20MS%20254;docsPerPage=1;startDoc=1;fullview=yes,/img/derivatives/iiif/plimpton254_mar/manifest.json,"/img/derivatives/iiif/images/plimpton254_mar/full/250,/0/default.jpg","/img/derivatives/iiif/images/plimpton254_mar/full/1140,/0/default.jpg"
plimpton254_may,May,A Complete Calendar,"New York, Columbia University, Rare Book and Manuscript Library,  Plimpton MS 254, f. 4r May","Plimpton MS 254, f. 4r.",N/A,http://servlet1.lib.berkeley.edu:8080/seadragonwindow/?IIIF=/ds/columbia/tiles/NNC-RBML.5998A_tile.tif/info.json&,http://www.digital-scriptorium.org/xtf3/search?rmode=digscript;smode=basic;text=Plimpton%20MS%20254;docsPerPage=1;startDoc=1;fullview=yes,/img/derivatives/iiif/plimpton254_may/manifest.json,"/img/derivatives/iiif/images/plimpton254_may/full/250,/0/default.jpg","/img/derivatives/iiif/images/plimpton254_may/full/1140,/0/default.jpg"
plimpton254_nov,November,A Complete Calendar,"New York, Columbia University, Rare Book and Manuscript Library,  Plimpton MS 254, f. 7r November","Plimpton MS 254, f. 7r.",N/A,http://servlet1.lib.berkeley.edu:8080/seadragonwindow/?IIIF=/ds/columbia/tiles/NNC-RBML.6004A_tile.tif/info.json&,http://www.digital-scriptorium.org/xtf3/search?rmode=digscript;smode=basic;text=Plimpton%20MS%20254;docsPerPage=1;startDoc=1;fullview=yes,/img/derivatives/iiif/plimpton254_nov/manifest.json,"/img/derivatives/iiif/images/plimpton254_nov/full/250,/0/default.jpg","/img/derivatives/iiif/images/plimpton254_nov/full/1140,/0/default.jpg"
plimpton254_oct,October,A Complete Calendar,"New York, Columbia University, Rare Book and Manuscript Library,  Plimpton MS 254, f. 6v October","Plimpton MS 254, f. 6v.",N/A,http://servlet1.lib.berkeley.edu:8080/seadragonwindow/?IIIF=/ds/columbia/tiles/NNC-RBML.6003A_tile.tif/info.json&,http://www.digital-scriptorium.org/xtf3/search?rmode=digscript;smode=basic;text=Plimpton%20MS%20254;docsPerPage=1;startDoc=1;fullview=yes,/img/derivatives/iiif/plimpton254_oct/manifest.json,"/img/derivatives/iiif/images/plimpton254_oct/full/250,/0/default.jpg","/img/derivatives/iiif/images/plimpton254_oct/full/1140,/0/default.jpg"
plimpton254_sept,September,A Complete Calendar,"New York, Columbia University, Rare Book and Manuscript Library,  Plimpton MS 254, f. 6r September","Plimpton MS 254, f. 6r.",N/A,http://servlet1.lib.berkeley.edu:8080/seadragonwindow/?IIIF=/ds/columbia/tiles/NNC-RBML.6002A_tile.tif/info.json&,http://www.digital-scriptorium.org/xtf3/search?rmode=digscript;smode=basic;text=Plimpton%20MS%20254;docsPerPage=1;startDoc=1;fullview=yes,/img/derivatives/iiif/plimpton254_sept/manifest.json,"/img/derivatives/iiif/images/plimpton254_sept/full/250,/0/default.jpg","/img/derivatives/iiif/images/plimpton254_sept/full/1140,/0/default.jpg"
plimpton265,Mass Texts and Rubrics without Musical Notation,Books of the Mass,"New York, Columbia University, Rare Book and Manuscript Library,  Plimpton MS 265, back flyleaf","Plimpton MS 265, back flyleaf",A missal from 15th-century England.,http://servlet1.lib.berkeley.edu:8080/seadragonwindow/?IIIF=/ds/columbia/tiles/NNC-RBML.8284A_tile.tif/info.json&,http://www.digital-scriptorium.org/xtf3/search?rmode=digscript;smode=basic;text=Plimpton%20MS%20265;docsPerPage=1;startDoc=1;fullview=yes,/img/derivatives/iiif/plimpton265/manifest.json,"/img/derivatives/iiif/images/plimpton265/full/250,/0/default.jpg","/img/derivatives/iiif/images/plimpton265/full/1140,/0/default.jpg"
plimpton268,Wycliffite List of Gospel Assignments in Middle English,Books of the Mass,"New York, Columbia University, Rare Book and Manuscript Library,  Plimpton MS 268, ff. 1v-2r","A 15th-century English copy of Clement of Lanthony, *Harmony of the Gospels* with lists of the readings.",N/A,http://servlet1.lib.berkeley.edu:8080/seadragonwindow/?IIIF=/ds/columbia/tiles/NNC-RBML.6088A_tile.tif/info.json&,http://www.digital-scriptorium.org/xtf3/search?rmode=digscript;smode=basic;text=Plimpton%20MS%20268;docsPerPage=1;startDoc=1;fullview=yes,/img/derivatives/iiif/plimpton268/manifest.json,"/img/derivatives/iiif/images/plimpton268/full/250,/0/default.jpg","/img/derivatives/iiif/images/plimpton268/full/1140,/0/default.jpg"
smith01,Diagram of the Celestial Bodies,Computus,"New York, Columbia University, Rare Book and Manuscript Library, ÃŠSmith Western Add. MS 01, ff. 60v-61r","Smith Western Add. MS 01, ff. 60v-61",A 14th-century Italian manuscript of Johannes de Sacrobosco's *Computus ecclesiasticus* with a diagram of the celestial bodies.,http://servlet1.lib.berkeley.edu:8080/seadragonwindow/?IIIF=/ds/columbia/tiles/NNC-RBML.7751A_tile.tif/info.json&,http://www.digital-scriptorium.org/xtf3/search?rmode=digscript;smode=basic;text=Smith%20Western%20Add.%20MS%2001;docsPerPage=1;startDoc=1;fullview=yes,/img/derivatives/iiif/smith01/manifest.json,"/img/derivatives/iiif/images/smith01/full/250,/0/default.jpg","/img/derivatives/iiif/images/smith01/full/1140,/0/default.jpg"
smith14_recto,Office Readings from the Book of Wisdom and the Gospel of Mark,Books of the Office,"New York, Columbia University, Rare Book and Manuscript Library,  Smith Med/Ren Frag. 14, f. 1r","Smith Med/Ren Frag. 14, f. 1r",An office lectionary from 12th-century Switzerland.,http://servlet1.lib.berkeley.edu:8080/seadragonwindow/?IIIF=/ds/columbia/tiles/NNC-RBML.4291A_tile.tif/info.json&,http://www.digital-scriptorium.org/xtf3/search?rmode=digscript;smode=basic;text=Smith%20Med/Ren%20Frag.%2014;docsPerPage=1;startDoc=1;fullview=yes,/img/derivatives/iiif/smith14_recto/manifest.json,"/img/derivatives/iiif/images/smith14_recto/full/250,/0/default.jpg","/img/derivatives/iiif/images/smith14_recto/full/1140,/0/default.jpg"
smith15,Proper Readings with Chants from the Commons,Common versus Proper,"New York, Columbia University, Rare Book and Manuscript Library,  Smith Western MS 15, ff. 30v-31r","Smith Western MS 15, ff. 30v-31r","A breviary from 15th-century Italy, where the rubric for the feast of the Holy Innocents (28 December) on f. 30v in the second column begins, 'In sanctorum innocentium Invitatorium, ymni, antiphone nocturnales, psalmi, versiculi dicuntur de communi plurimorum martirum...' while the readings, proper to the feast, are given in full.",http://servlet1.lib.berkeley.edu:8080/seadragonwindow/?IIIF=/ds/columbia/tiles/NNC-RBML.7446A_tile.tif/info.json&,http://www.digital-scriptorium.org/xtf3/search?rmode=digscript;smode=basic;text=Smith%20Western%20MS%2015;docsPerPage=1;startDoc=2;fullview=yes,/img/derivatives/iiif/smith15/manifest.json,"/img/derivatives/iiif/images/smith15/full/250,/0/default.jpg","/img/derivatives/iiif/images/smith15/full/1140,/0/default.jpg"
smith16_f116v,Office Texts and Chants Notated in Aquitanian Neumes,Books of the Office,"New York, Columbia University, Rare Book and Manuscript Library,  Smith Western MS 16, f. 116v","Smith Western MS 16, f. 116v",A breviary from 12th-century Auvergne.,http://servlet1.lib.berkeley.edu:8080/seadragonwindow/?IIIF=/ds/columbia/tiles/NNC-RBML.5825A_tile.tif/info.json&,http://www.digital-scriptorium.org/xtf3/search?rmode=digscript;smode=basic;text=Smith%20Western%20MS%2016;docsPerPage=1;startDoc=2;fullview=yes,/img/derivatives/iiif/smith16_f116v/manifest.json,"/img/derivatives/iiif/images/smith16_f116v/full/250,/0/default.jpg","/img/derivatives/iiif/images/smith16_f116v/full/1140,/0/default.jpg"
smith22,Notated Missal,Books of the Mass,"New York, Columbia University, Rare Book and Manuscript Library,  Smith Med/Ren Frag. 22, verso","Smith Med/Ren Frag. 22, verso",A missal from late-11th-century France notated with neumes.,http://servlet1.lib.berkeley.edu:8080/seadragonwindow/?IIIF=/ds/columbia/tiles/NNC-RBML.4307A_tile.tif/info.json&,http://www.digital-scriptorium.org/xtf3/search?rmode=digscript;smode=basic;text=Smith%20Med/Ren%20Frag.%2022;docsPerPage=1;startDoc=1;fullview=yes,/img/derivatives/iiif/smith22/manifest.json,"/img/derivatives/iiif/images/smith22/full/250,/0/default.jpg","/img/derivatives/iiif/images/smith22/full/1140,/0/default.jpg"
smith24,End of the Sanctorale and Beginning of the Commons,Organization of Liturgical Books,"New York, Columbia University, Rare Book and Manuscript Library,  Smith Western MS 24, ff. 297v-298r","Smith Western MS 24, ff. 7v-8r","A breviary copied during the middle years of the 15th century in France, showing on the verso the end of the sanctorale with a rubric for a prayer of Saturnini martiris (29 November), and on the facing recto, the decorated opening of the following text section, 'Incipit commune sanctorum, primo de communi unius apostoli...,' assigning the rank of 'duplex' to the feasts of apostles.",http://servlet1.lib.berkeley.edu:8080/seadragonwindow/?IIIF=/ds/columbia/tiles/NNC-RBML.7262A_tile.tif/info.json&,http://www.digital-scriptorium.org/xtf3/search?rmode=digscript;smode=basic;text=Smith%20Western%20MS%2024;docsPerPage=1;startDoc=1;fullview=yes,/img/derivatives/iiif/smith24/manifest.json,"/img/derivatives/iiif/images/smith24/full/250,/0/default.jpg","/img/derivatives/iiif/images/smith24/full/1140,/0/default.jpg"
typographical2_f1,"List of Invitatory Antiphons and Hymn, \'Primo dierum\'",Books of the Office,"New York, Columbia University, Rare Book and Manuscript Library,  Typographical MS 2, f. 1r","Typographical MS 2, f. 1r",A psalter from 15th-century Tuscany.,http://servlet1.lib.berkeley.edu:8080/seadragonwindow/?IIIF=/ds/columbia/tiles/NNC-RBML.4234A_tile.tif/info.json&,http://www.digital-scriptorium.org/xtf3/search?rmode=digscript;smode=basic;text=Typographical%20MS%202;docsPerPage=1;startDoc=1;fullview=yes,/img/derivatives/iiif/typographical2_f1/manifest.json,"/img/derivatives/iiif/images/typographical2_f1/full/250,/0/default.jpg","/img/derivatives/iiif/images/typographical2_f1/full/1140,/0/default.jpg"
typographical2_f15,"Antiphon, 'Confortate manus dissolutas'",Books of the Office,"New York, Columbia University, Rare Book and Manuscript Library,  Typographical MS 2, f. 15r detail","Typographical MS 2, f. 15r (detail).",N/A,http://servlet1.lib.berkeley.edu:8080/seadragonwindow/?IIIF=/ds/columbia/tiles/NNC-RBML.7059A_tile.tif/info.json&,http://www.digital-scriptorium.org/xtf3/search?rmode=digscript;smode=basic;text=Typographical%20MS%202;docsPerPage=1;startDoc=1;fullview=yes,/img/derivatives/iiif/typographical2_f15/manifest.json,"/img/derivatives/iiif/images/typographical2_f15/full/250,/0/default.jpg","/img/derivatives/iiif/images/typographical2_f15/full/1140,/0/default.jpg"
typographical2_f46,"Canticle, 'Benedictus'",Books of the Office,"New York, Columbia University, Rare Book and Manuscript Library,  Typographical MS 2, f. 46r","Typographical MS 2, f. 46r.",N/A,http://servlet1.lib.berkeley.edu:8080/seadragonwindow/?IIIF=/ds/columbia/tiles/NNC-RBML.4245A_tile.tif/info.json&,http://www.digital-scriptorium.org/xtf3/search?rmode=digscript;smode=basic;text=Typographical%20MS%202;docsPerPage=1;startDoc=1;fullview=yes,/img/derivatives/iiif/typographical2_f46/manifest.json,"/img/derivatives/iiif/images/typographical2_f46/full/250,/0/default.jpg","/img/derivatives/iiif/images/typographical2_f46/full/1140,/0/default.jpg"
typographical2_f46_2,Initial of Zacharias Holding a Scroll with the Artist's Name,Books of the Office,"New York, Columbia University, Rare Book and Manuscript Library,  Typographical MS 2, f. 46r detail","Typographical MS 2, f. 46r (detail).",N/A,http://servlet1.lib.berkeley.edu:8080/seadragonwindow/?IIIF=/ds/columbia/tiles/NNC-RBML.4240A_tile.tif/info.json&,http://www.digital-scriptorium.org/xtf3/search?rmode=digscript;smode=basic;text=Typographical%20MS%202;docsPerPage=1;startDoc=1;fullview=yes,/img/derivatives/iiif/typographical2_f46_2/manifest.json,"/img/derivatives/iiif/images/typographical2_f46_2/full/250,/0/default.jpg","/img/derivatives/iiif/images/typographical2_f46_2/full/1140,/0/default.jpg"
typographical2_f81,"Hymn, 'Consors paterni luminis lux'",Books of the Office,"New York, Columbia University, Rare Book and Manuscript Library,  Typographical MS 2, f. 81r","Typographical MS 2, f. 81r.",N/A,http://servlet1.lib.berkeley.edu:8080/seadragonwindow/?IIIF=/ds/columbia/tiles/NNC-RBML.4241A_tile.tif/info.json&,http://www.digital-scriptorium.org/xtf3/search?rmode=digscript;smode=basic;text=Typographical%20MS%202;docsPerPage=1;startDoc=1;fullview=yes,/img/derivatives/iiif/typographical2_f81/manifest.json,"/img/derivatives/iiif/images/typographical2_f81/full/250,/0/default.jpg","/img/derivatives/iiif/images/typographical2_f81/full/1140,/0/default.jpg"
uts03,Mass Chants for Various Feasts,Books of the Mass,"New York, Columbia University, Burke Library at Union Theological Seminary,  UTS MS 003, f. 129v","UTS MS 003, f. 129v","Melodies for the Gloria, Ite Missa Est, and Benedicamus Domino in a missal from 15th-century Germany.",http://servlet1.lib.berkeley.edu:8080/seadragonwindow/?IIIF=/ds/columbia/tiles/NNC-TH.8305A_tile.tif/info.json&,http://www.digital-scriptorium.org/xtf3/search?rmode=digscript;smode=basic;text=%20UTS%20MS%20003;docsPerPage=1;startDoc=1;fullview=yes,/img/derivatives/iiif/uts03/manifest.json,"/img/derivatives/iiif/images/uts03/full/250,/0/default.jpg","/img/derivatives/iiif/images/uts03/full/1140,/0/default.jpg"
uts03_f135v,Larger Script of the Canon Visible Underneath the Page,The Mass,"New York, Columbia University, Burke Library at Union Theological Seminary,  UTS MS 003, f. 135v","UTS MS 003, f. 135v",A missal from 15th-century Germany with the initial for Trinity Sunday cut away showing the larger script for the Canon of the Mass on the preceding leaf.,http://servlet1.lib.berkeley.edu:8080/seadragonwindow/?IIIF=/ds/columbia/tiles/NNC-TH.8398A_tile.tif/info.json&,http://www.digital-scriptorium.org/xtf3/search?rmode=digscript;smode=basic;text=UTS%20MS%20003;docsPerPage=1;startDoc=1;fullview=yes,/img/derivatives/iiif/uts03_f135v/manifest.json,"/img/derivatives/iiif/images/uts03_f135v/full/250,/0/default.jpg","/img/derivatives/iiif/images/uts03_f135v/full/1140,/0/default.jpg"
uts19,Beginning of the Temporale with Advent,Organization of Liturgical Books,"New York, Columbia University, Burke Library at Union Theological Seminary,  UTS MS 019, ff. 14v-15r",UTS MS 019. ff. 14v-15,"A collectar from 15th-century Germany with the beginning, on the recto, of a new text section at Advent, 'In adventu domini Dominica prima, ad primas vesperas.'",http://servlet1.lib.berkeley.edu:8080/seadragonwindow/?IIIF=/ds/columbia/tiles/NNC-TH.8320A_tile.tif/info.json&,http://www.digital-scriptorium.org/xtf3/search?rmode=digscript;smode=basic;text=UTS%20MS%20019;docsPerPage=1;startDoc=1;fullview=yes,/img/derivatives/iiif/uts19/manifest.json,"/img/derivatives/iiif/images/uts19/full/250,/0/default.jpg","/img/derivatives/iiif/images/uts19/full/1140,/0/default.jpg"
uts3,Office Combining Proper and Common Chants,Common versus Proper,"New York, Columbia University, Burke Library at Union Theological Seminary, ÃŠUTS MS 003, f. 219r","UTS MS 003, f. 219r","A missal from 15th-century Germany, where the service for Magnus, 'apostle of the Allgäu' (Bavaria, 6 September), is contained partially here in the sanctorale with a note in the rubric on finding the rest of the service, 'Secretum et complenda de comune de confessore non pontifice...' in the common of a confessor, not a bishop.",http://servlet1.lib.berkeley.edu:8080/seadragonwindow/?IIIF=/ds/columbia/tiles/NNC-TH.8315A_tile.tif/info.json&,http://www.digital-scriptorium.org/xtf3/search?rmode=digscript;smode=basic;text=UTS%20MS%20003;docsPerPage=1;startDoc=1;fullview=yes,/img/derivatives/iiif/uts3/manifest.json,"/img/derivatives/iiif/images/uts3/full/250,/0/default.jpg","/img/derivatives/iiif/images/uts3/full/1140,/0/default.jpg"
uts43,Procession of Christmas,Chant Books for the Mass,"New York, Columbia University, Burke Library at Union Theological Seminary,  UTS MS 043, f. 96v-97r","UTS MS 043, f. 96v-97r",The beginning of the procession for Christmas in a processional from 16th-century Germany.,http://servlet1.lib.berkeley.edu:8080/seadragonwindow/?IIIF=/ds/columbia/tiles/NNC-TH.8326A_tile.tif/info.json&,http://www.digital-scriptorium.org/xtf3/search?rmode=digscript;smode=basic;text=UTS%20MS%20043;docsPerPage=1;startDoc=1;fullview=yes,/img/derivatives/iiif/uts43/manifest.json,"/img/derivatives/iiif/images/uts43/full/250,/0/default.jpg","/img/derivatives/iiif/images/uts43/full/1140,/0/default.jpg"
uts60_ff6v7,Necrology with Names Continually Added,Chapter,"New York, Columbia University, Burke Library at Union Theological Seminary,  UTS MS 060, ff. 6v-7r","UTS MS 060, ff. 6v-7r",A necrology from a nunnery in 15th-century Germany showing the addition of commemorations over a long period.,http://servlet1.lib.berkeley.edu:8080/seadragonwindow/?IIIF=/ds/columbia/tiles/NNC-TH.8351A_tile.tif/info.json&,http://www.digital-scriptorium.org/xtf3/search?rmode=digscript;smode=basic;text=UTS%20MS%20060;docsPerPage=1;startDoc=1;fullview=yes,/img/derivatives/iiif/uts60_ff6v7/manifest.json,"/img/derivatives/iiif/images/uts60_ff6v7/full/250,/0/default.jpg","/img/derivatives/iiif/images/uts60_ff6v7/full/1140,/0/default.jpg"
west31,Various Authors' Dating of Christ's Passion,Calendar,"New York, Columbia University, Rare Book and Manuscript Library, ÃŠWestern MS 031, p. 406","Western MS 031, p. 406","A computistical and theological compendium copied in the Low Countries ca. 1450-75, with several dates given for Christ's passion, according to Theophilus, according to Jerome, according to Hugh of St. Victor, and according to 'others.'",http://servlet1.lib.berkeley.edu:8080/seadragonwindow/?IIIF=/ds/columbia/tiles/NNC-RBML.6263A_tile.tif/info.json&,http://www.digital-scriptorium.org/xtf3/search?rmode=digscript;smode=basic;text=Western%20MS%20031;docsPerPage=1;startDoc=1;fullview=yes,/img/derivatives/iiif/west31/manifest.json,"/img/derivatives/iiif/images/west31/full/250,/0/default.jpg","/img/derivatives/iiif/images/west31/full/1140,/0/default.jpg"
western29,Book of the Gospels,Books of the Mass,"New York, Columbia University, Rare Book and Manuscript Library,  Western MS 029, f. 63r","Western MS 029, f. 63r","A Gospel lectionary from Spain, ca. 1577.",http://servlet1.lib.berkeley.edu:8080/seadragonwindow/?IIIF=/ds/columbia/tiles/NNC-RBML.8591A_tile.tif/info.json&,http://www.digital-scriptorium.org/xtf3/search?rmode=digscript;smode=basic;text=Western%20MS%20029;docsPerPage=1;startDoc=1;fullview=yes,/img/derivatives/iiif/western29/manifest.json,"/img/derivatives/iiif/images/western29/full/250,/0/default.jpg","/img/derivatives/iiif/images/western29/full/1140,/0/default.jpg"
western38_f137,Divisions of the Psalter,Books of the Office,"New York, Columbia University, Rare Book and Manuscript Library,  Western MS 038, ff. 136v-137r","Western MS 038, ff. 136v-137r",Psalm 109 begins the 8th section in the eight-part division of the psalter.,http://servlet1.lib.berkeley.edu:8080/seadragonwindow/?IIIF=/ds/columbia/tiles/NNC-RBML.7848A_tile.tif/info.json&,http://www.digital-scriptorium.org/xtf3/search?rmode=digscript;smode=basic;text=Western%20MS%20038;docsPerPage=1;startDoc=1;fullview=yes,/img/derivatives/iiif/western38_f137/manifest.json,"/img/derivatives/iiif/images/western38_f137/full/250,/0/default.jpg","/img/derivatives/iiif/images/western38_f137/full/1140,/0/default.jpg"
western38_ff193,Litany of the Saints,Books of the Office,"New York, Columbia University, Rare Book and Manuscript Library,  Western MS 038, ff. 193v-194r","Western MS 038, ff. 193v-194r", A ferial psalter from fifteenth-century Austria.,http://servlet1.lib.berkeley.edu:8080/seadragonwindow/?IIIF=/ds/columbia/tiles/NNC-RBML.7851A_tile.tif/info.json&,http://www.digital-scriptorium.org/xtf3/search?rmode=digscript;smode=basic;text=Western%20MS%20038;docsPerPage=1;startDoc=1;fullview=yes,/img/derivatives/iiif/western38_ff193/manifest.json,"/img/derivatives/iiif/images/western38_ff193/full/250,/0/default.jpg","/img/derivatives/iiif/images/western38_ff193/full/1140,/0/default.jpg"
western49_recto,Psalter with Chant Incipits Added,Books of the Office,"New York, Columbia University, Rare Book and Manuscript Library,  Western MS 049, recto","Western MS 049, recto",A psalter from 12th-century Germany adapted to liturgical use through the addition of antiphons at the bottom of the page.,http://servlet1.lib.berkeley.edu:8080/seadragonwindow/?IIIF=/ds/columbia/tiles/NNC-RBML.5611A_tile.tif/info.json&,http://www.digital-scriptorium.org/xtf3/search?rmode=digscript;smode=basic;text=Western%20MS%20049;docsPerPage=1;startDoc=1;fullview=yes,/img/derivatives/iiif/western49_recto/manifest.json,"/img/derivatives/iiif/images/western49_recto/full/250,/0/default.jpg","/img/derivatives/iiif/images/western49_recto/full/1140,/0/default.jpg"
western62,Mass Prayers with Sung Chants Indicated by Smaller Script,Books of the Mass,"New York, Columbia University, Rare Book and Manuscript Library, ÃŠWestern MS 062, f. 2v","Western MS 062, f, 2v",A missal from 15th-century Germany.,http://servlet1.lib.berkeley.edu:8080/seadragonwindow/?IIIF=/ds/columbia/tiles/NNC-RBML.7734A_tile.tif/info.json&,http://www.digital-scriptorium.org/xtf3/search?rmode=digscript;smode=basic;text=Western%20MS%20062;docsPerPage=1;startDoc=1;fullview=yes,/img/derivatives/iiif/western62/manifest.json,"/img/derivatives/iiif/images/western62/full/250,/0/default.jpg","/img/derivatives/iiif/images/western62/full/1140,/0/default.jpg"
x936_C28_f1,Golden Numbers and Dominical Letters,Calendar,"New York, Columbia University, Rare Book and Manuscript Library,  X936.C28, f. 1r","X936.C28, f. 1r","A missal from 15th-century Germany, with the calendar page for January in columns from the left:  the Golden Numbers; the Dominical Letters; the Roman system of kalends, nones and ides; the saints with the more important entries in red (red letter days).",http://servlet1.lib.berkeley.edu:8080/seadragonwindow/?IIIF=/ds/columbia/tiles/NNC-RBML.6539A_tile.tif/info.json&,http://www.digital-scriptorium.org/xtf3/search?rmode=digscript;smode=basic;text=X936.C28;docsPerPage=1;startDoc=1;fullview=yes,/img/derivatives/iiif/x936_C28_f1/manifest.json,"/img/derivatives/iiif/images/x936_C28_f1/full/250,/0/default.jpg","/img/derivatives/iiif/images/x936_C28_f1/full/1140,/0/default.jpg"
x936_C28_f7,Page of Liturgical Rubrics in Red Ink,Directions,"New York, Columbia University, Rare Book and Manuscript Library,  X936.C28, f. 7r","X936.C28, f. 7r",A missal from 15th-century Germany.,http://servlet1.lib.berkeley.edu:8080/seadragonwindow/?IIIF=/ds/columbia/tiles/NNC-RBML.7806A_tile.tif/info.json&,http://www.digital-scriptorium.org/xtf3/search?rmode=digscript;smode=basic;text=X936.C28;docsPerPage=1;startDoc=1;fullview=yes,/img/derivatives/iiif/x936_C28_f7/manifest.json,"/img/derivatives/iiif/images/x936_C28_f7/full/250,/0/default.jpg","/img/derivatives/iiif/images/x936_C28_f7/full/1140,/0/default.jpg"
x936c28,Fully Notated Recitational Passages for the Priest,Books of the Mass,"New York, Columbia University, Rare Book and Manuscript Library,  X936.C28, f. 121v","X936.C28, f. 121v",A notated Preface and the Dialogue before the Preface for feasts of the Apostles in a missal from 15th-century Germany.,http://servlet1.lib.berkeley.edu:8080/seadragonwindow/?IIIF=/ds/columbia/tiles/NNC-RBML.7808A_tile.tif/info.json&,http://www.digital-scriptorium.org/xtf3/search?rmode=digscript;smode=basic;text=X936.C28;docsPerPage=1;startDoc=1;fullview=yes,/img/derivatives/iiif/x936c28/manifest.json,"/img/derivatives/iiif/images/x936c28/full/250,/0/default.jpg","/img/derivatives/iiif/images/x936c28/full/1140,/0/default.jpg"
x936c28_f214,Alleluia Verses for the Commons of Saints,Chant Books for the Mass,"New York, Columbia University, Rare Book and Manuscript Library, X936.C28, f. 214r","X936.C28, f. 214r","A missal from mid-15th-century Germany with the non-notated Alleluia verses for the hierarchy of saints listed in order (apostles, many martyrs, one martyr, one confessor, virgins).",http://servlet1.lib.berkeley.edu:8080/seadragonwindow/?IIIF=/ds/columbia/tiles/NNC-RBML.6540A_tile.tif/info.json&,http://www.digital-scriptorium.org/xtf3/search?rmode=digscript;smode=basic;text=X936.C28;docsPerPage=1;startDoc=1;fullview=yes,/img/derivatives/iiif/x936c28_f214/manifest.json,"/img/derivatives/iiif/images/x936c28_f214/full/250,/0/default.jpg","/img/derivatives/iiif/images/x936c28_f214/full/1140,/0/default.jpg"
